website_name,account_id,relationship
"Bellhaven of Maplewood","001L3LGR6W69J8DYYV","same"
"Bellhaven of New Carlisle","001AQGPZ5G5VRES536","same"
"Bellhaven of Wooster","001W5G121A7SMRP58M","same"
"Bellhaven Terrace of Akron","0019Y4J61ZBG4R00CD","same"
"Bellhaven of Saline","001MVVAPY6U5TVYRC4","same"
"Bellhaven of Goshen","001JQER1RMYKNRLNME","same"
"Bellhaven of Meadville","001KC1NG7EZDEKKA3T","same"
"Bellhaven of Defiance","001R4PXTUD9R6FNN8V","same"
"Bellhaven Woods of Toledo","0014DHACE6WQU3RMM5","same"
"Bellhaven of Marion","0015L38R1Z5947ZZP7","same"
"Bellhaven of Kalamazoo","001NSHWKQD0YJLPQ20","same"
"Bellhaven Court of Altoona","0011D2P3CWSHMF81C8","same"
"Bellhaven Rehabilitation & Nursing of Grove City","001TZCSTBZFM6K5BGN","same"
"Bellhaven at Sycamore Ridge","00191H7JR16471SZ34","same"
"The Arbors at Bellhaven - Dayton","0010KJFP601YNTZVDA","same"
"Bellhaven Healthcare Centre of Ashland","001RJ0D7Z5MAZN5HX5","same"
"Bellhaven of Port Clinton","001UELXDAKFRKB8932","same"
"Bellhaven Shores of Erie","001CVBBCSDM7YHN220","same"
"Bellhaven Gardens of Monroe","001U1750VLVJAGG1S5","same"
"Bellhaven Crossings of Lima","001LGFPBJY4N9MB6KL","same"
"Bellhaven of Zanesville","001H1JMVZWP46D5VUF","same"
"Bellhaven of Chagrin Falls","001RJU1X4NBWC1Q0G7","same"
"Bellhaven Willow Creek","0017MN2JYAJBDS8WQZ","same"
"Bellhaven of Ashtabula","001NXP9X46CWEPSLSV","same"
"Bellhaven of Owosso","001EGU7BMJ942ZTRE6","same"
"Bellhaven of Portsmouth","001CF3LDWVRGL09P4F","same"
"Amberly Manor","0015D74ZLRY810RGY5","same"
"Bellhaven of Chesterton","0013NUZQHQUEZ8DXEG","same"
"Bellhaven Meadows of Findlay","001UKEFGADQ8YCZ4YM","same"
"Bellhaven of Kettering","0016KTS1UAWBRXS09J","same"
"Bellhaven of Tiffin","001U6RW32TY0WSXZZB","same"
"Bellhaven of Marietta","001A34WFSUYHCRBLFT","same"
"Bellhaven at Union Square","001GNU41AVXZRLLJ9P","different"
