contact_id,account_id,name,title,email,phone,is_active,created_by_candidate,updated_at
00384R1NLSNHTY1Q5N,001LBTBSAQ54KNX4WG,Angela Barros,Executive Director,,,True,False,2026-10-06 19:05:17Z
003KAV28HT3YJF0KW7,001UELXDAKFRKB8932,Angela McAllister,Director of Nursing,,(419) 411-7337,True,False,2026-10-06 19:05:17Z
00360FXBH3M9XX0SMR,001CVBBCSDM7YHN220,Angela Quinn,Administrator,aquinn@bellhavenliving.com,(517) 863-1173,True,False,2026-10-06 19:05:17Z
0036PSWLLS0UXGQEYR,001UELXDAKFRKB8932,Brenda Whitfield,Administrator,bwhitfield@bellhavenliving.com,(231) 353-6462,True,False,2026-10-06 19:05:17Z
003BZ72XFE1D773UU1,001MVVAPY6U5TVYRC4,Carla Castellano,Administrator,,(330) 465-7284,False,False,2026-10-08 06:05:23Z
003E3SEEQ0PCEKLF40,001RJ0D7Z5MAZN5HX5,Carla Okafor,Administrator,cokafor@bellhavenliving.com,,True,False,2026-10-06 19:05:17Z
0032FC0ZHJSMRQP1WN,001NSHWKQD0YJLPQ20,Chris Ferraro,Administrator,cferraro@bellhavenliving.com,(734) 788-1771,True,False,2026-10-06 19:05:17Z
003B6RHGP3WMXQFS48,0019Y4J61ZBG4R00CD,Chris Lindqvist,Administrator,clindqvist@bellhavenliving.com,(260) 899-4605,True,False,2026-10-08 06:06:22Z
003FF0A479DB207E90,001KC1NG7EZDEKKA3T,Chris Pike,Administrator,,(419) 848-5389,True,True,2026-10-08 06:05:21Z
0034MSYJRBJ03MKGY0,001H1JMVZWP46D5VUF,Dale Amato,Administrator,,(814) 599-2533,True,False,2026-10-08 06:05:25Z
0035TEXV8RKK2AF7DL,001GNU41AVXZRLLJ9P,Dale Croft,Administrator,,(419) 646-1033,True,False,2026-10-06 19:05:17Z
003D6BBF5395B80DD4,001MVVAPY6U5TVYRC4,Dale Green,Administrator,,(614) 868-2766,True,True,2026-10-08 06:05:23Z
0032PJ1RFXB5GMWMH6,001RJU1X4NBWC1Q0G7,Dale Mabry,Administrator,,(231) 283-7448,True,False,2026-10-08 06:05:18Z
003XGJU91CPQTVUPG4,0010KJFP601YNTZVDA,Dale Novak,Admissions Director,dnovak@bellhavenliving.com,,True,False,2026-10-06 19:05:17Z
003S0Y90U7DXBWPFQR,001MNE59UM9H78PVEG,Denise Krueger,Executive Director,,(814) 660-9988,True,False,2026-10-06 19:05:17Z
0037ZMKKMVA7G26912,0015L38R1Z5947ZZP7,Doug Amato,Administrator,,(260) 467-3071,True,False,2026-10-06 19:05:17Z
003CJ3UCJZA3B76X1K,0016LW0Q6XE146JN6B,Doug Barros,Executive Director,,(216) 843-5519,True,False,2026-10-06 19:05:17Z
0036M4TL5LV4NK3ZJ0,0014DHACE6WQU3RMM5,Doug Novak,Administrator,dnovak@bellhavenliving.com,(330) 539-7028,True,False,2026-10-06 19:05:17Z
0036776ADC91EF69D9,0019C400E38BB91DA0,Elaine Lindqvist,Administrator,,(231) 698-3092,True,True,2026-10-08 06:06:21Z
003SXCVY5HP7U1NLU3,001AQGPZ5G5VRES536,Elaine Novak,Administrator,enovak@bellhavenliving.com,(614) 900-2177,True,False,2026-10-08 06:05:22Z
003L5RMGUCMJKT35HE,0011D2P3CWSHMF81C8,Elaine Sorensen,Administrator,esorensen@bellhavenliving.com,,True,False,2026-10-06 19:05:17Z
003212YKWRDXPEJCJG,001U1750VLVJAGG1S5,Elaine Vogel,Billing Coordinator,,(419) 793-7147,True,False,2026-10-06 19:05:17Z
0030MA5CNUN21H3Z1G,001SXSF4ELF0Z2LGDM,Frank Dietz,Director of Nursing,fdietz@bellhavenliving.com,(330) 545-8364,True,False,2026-10-06 19:05:17Z
003XHMHW6SFJVXZBVS,001N7WFJCG16TZGL6Y,Frank Reyes,Director of Nursing,,(216) 595-2129,True,False,2026-10-06 19:05:17Z
003VEEW4P875R8G3U4,001EGU7BMJ942ZTRE6,Gloria Lambert,Administrator,,(517) 226-4961,True,False,2026-10-06 19:05:17Z
003D5PLRDP9H9SCRQP,001R4PXTUD9R6FNN8V,Gloria McAllister,Billing Coordinator,gmcallister@bellhavenliving.com,,True,False,2026-10-06 19:05:17Z
003NCF4PCEAWXX193S,0018L6DVPRS7Y0QPRM,Gloria Sorensen,Director of Nursing,,(419) 517-5305,True,False,2026-10-06 19:05:17Z
0034130KEJ3NHBJN6T,001Q0SVXRKXY6GW135,Gus Bloom,Director of Nursing,,(517) 454-4997,True,False,2026-10-06 19:05:17Z
003ZCJEYJHXY4SGNNE,00148CGC4SFDTJTPPR,Ingrid Barros,Administrator,,,True,False,2026-10-06 19:05:17Z
003GG7KGWUXJYCXYF9,001UXEM0PCSUVRAYPF,Ingrid Ferraro,Administrator,,(419) 476-3201,True,False,2026-10-06 19:05:17Z
00320UMH22WG384GZK,00191H7JR16471SZ34,Ingrid Pruitt,Billing Coordinator,ipruitt@bellhavenliving.com,(231) 371-7973,True,False,2026-10-06 19:05:17Z
003BJ98ESFYRXK5EBF,0016UKUD5Q6TLUPWDY,Ingrid Ryder,Executive Director,,(419) 370-2653,True,False,2026-10-06 19:05:17Z
0032FAZQ8PSY57VUSP,001TZCSTBZFM6K5BGN,Janet Krueger,Director of Nursing,jkrueger@bellhavenliving.com,,True,False,2026-10-06 19:05:17Z
0033RQE8B4L1431HYC,0015MU8AUMAK4S60L9,Janet Trent,Director of Nursing,,,True,False,2026-10-06 19:05:17Z
003ZU8W5HEMAFV86KX,001PFE1QRNNGC5XS9U,Karen Holloway,Director of Nursing,,(260) 363-8995,True,False,2026-10-06 19:05:17Z
003TLZFSVQ8F5KC7CP,0013NUZQHQUEZ8DXEG,Karen Reyes,Administrator,,(330) 698-5285,True,False,2026-10-06 19:05:17Z
003A4408922497800D,001E5FFD1B793C82E7,Ken Ashby,Administrator,,(260) 386-7765,True,True,2026-10-08 06:05:18Z
003H91SP387WBL1QRP,001WC2VPMSRMLGKEFS,Ken Fitch,Executive Director,,(734) 508-1625,True,False,2026-10-06 19:05:17Z
003U0YVLNT8HE8NDPK,001108R31WACG88ZAS,Ken Mabry,Executive Director,,(614) 940-1216,True,False,2026-10-06 19:05:17Z
00301N0DMT0Z5K88V3,0015L38R1Z5947ZZP7,Lorna Dietz,Director of Nursing,,,True,False,2026-10-06 19:05:17Z
003FNEG7N5TE3H5S3L,001R4J81D1FWNQF7WW,Lorna Green,Director of Nursing,,(330) 213-8773,True,False,2026-10-06 19:05:17Z
0038C1CA5279767426,001W5G121A7SMRP58M,Lorna Sorensen,Administrator,,(517) 712-7557,True,True,2026-10-08 06:05:24Z
003MX13KPJXUA2HVGE,001RJFTJ3XYSUDV3KG,Marcus Ashby,Executive Director,,,True,False,2026-10-06 19:05:17Z
003BFR5UZDEGJ390XA,0016UJWS19L5NT0FVX,Marcus Barros,Administrator,,,True,False,2026-10-06 19:05:17Z
003V4QT9JX22SQWATF,0013NUZQHQUEZ8DXEG,Marie Barros,Director of Nursing,mbarros@bellhavenliving.com,,True,False,2026-10-06 19:05:17Z
0038RJZR6JG127B3RW,001NXP9X46CWEPSLSV,Marie Bianchi,Director of Nursing,mbianchi@bellhavenliving.com,(231) 961-3522,True,False,2026-10-06 19:05:17Z
003RZC2WS1VLPN1PW2,001W5G121A7SMRP58M,Marie Castellano,Billing Coordinator,mcastellano@bellhavenliving.com,(814) 481-1200,True,False,2026-10-06 19:05:17Z
003397457564E05020,001TZCSTBZFM6K5BGN,Marie Vogel,Administrator,,(614) 555-7729,True,True,2026-10-08 06:05:26Z
003V0HN99WGBKSGM0A,001CBDQSNJUVEG0HDH,Nadia Bloom,Administrator,,(419) 751-4647,True,False,2026-10-06 19:05:17Z
003J7EEZKYTJRS3RVN,001L3LGR6W69J8DYYV,Nadia Duval,Administrator,nduval@bellhavenliving.com,(330) 271-8575,True,False,2026-10-06 19:05:17Z
003BZF8DCSQERDXUMT,001LGFPBJY4N9MB6KL,Nadia Sandoval,Administrator,,,False,False,2026-10-08 05:55:58Z
00334AZ8TQ3F2CJG5L,001D86GEE4YLY5TH5S,Nadia Sorensen,Administrator,,(517) 518-3573,True,False,2026-10-06 19:05:17Z
00321Z813QA358W32A,0015D74ZLRY810RGY5,Ned Duval,Administrator,,(614) 551-9071,True,False,2026-10-06 19:05:17Z
003DB663W3KU97WKV7,001NXP9X46CWEPSLSV,Ned Green,Administrator,,(734) 845-6967,True,False,2026-10-06 19:05:17Z
0035VG7PD3AZCE1UZR,001DZYWL58F82VGFMR,Ned Novak,Executive Director,,,True,False,2026-10-06 19:05:17Z
003F0DDDC2B2E02554,001646CA2730F614FC,Phil Holloway,Administrator,,(330) 519-9639,True,True,2026-10-08 05:55:40Z
00380CCA2ABB16453E,001U1750VLVJAGG1S5,Phil Mabry,Administrator,,(814) 412-2218,True,True,2026-10-08 05:55:59Z
00318ACE57A433B879,0016KTS1UAWBRXS09J,Priya Ashby,Administrator,,(231) 269-5449,True,True,2026-10-08 06:05:20Z
003Y58MBJL3PT132DB,001W5G121A7SMRP58M,Ray Amato,Administrator,,,False,False,2026-10-08 06:05:25Z
003AJTJRFXEPU3WVR9,0010KJFP601YNTZVDA,Ray Novak,Administrator,,,True,False,2026-10-06 19:05:17Z
003MHG0KS6UV0FD01S,0014DHACE6WQU3RMM5,Ray Vogel,Admissions Director,rvogel@bellhavenliving.com,(419) 430-7748,True,False,2026-10-06 19:05:17Z
003D1B9A6B38401D3A,001BAF6F9E488F8FBD,Rosa Dietz,Administrator,,(614) 337-1967,True,True,2026-10-08 06:05:21Z
00380EN0B2XW25Y6L1,001UKEFGADQ8YCZ4YM,Sam Pruitt,Administrator,,(614) 629-5995,True,False,2026-10-06 19:05:17Z
003G2K3F73XPN9UJ71,00191H7JR16471SZ34,Sofia Castellano,Administrator,scastellano@bellhavenliving.com,(419) 580-7015,True,False,2026-10-06 19:05:17Z
003Q5PFNT32M94U6TM,001MVVAPY6U5TVYRC4,Sofia Green,Director of Nursing,,,True,False,2026-10-06 19:05:17Z
003LZ264AYYBTB8QJU,001BP1CWFQELP1V08N,Sofia Herrera,Director of Nursing,,(419) 615-1338,True,False,2026-10-06 19:05:17Z
0033UZ5RBUXRQLFQUA,001AUYU58KMWDYXQA6,Sofia Mabry,Executive Director,,,True,False,2026-10-06 19:05:17Z
003ZTTQ16EFE7YDARV,001E49NRPBQGBELSHY,Sofia Reyes,Director of Nursing,,(814) 293-3961,True,False,2026-10-06 19:05:17Z
00365EA0WBNWSC2AJK,001JRN31SRNB2KFW23,Stan Bloom,Executive Director,,,True,False,2026-10-06 19:05:17Z
00379BLVDKKQAQYMSM,00192CFL38Y0U4Q887,Stan Krueger,Director of Nursing,,,True,False,2026-10-06 19:05:17Z
0038R22J3N6F269PZG,001AQGPZ5G5VRES536,Stan Osei,Admissions Director,sosei@bellhavenliving.com,,True,False,2026-10-06 19:05:17Z
003W2TVLCYJC7MYSN9,001JQER1RMYKNRLNME,Tanya Castellano,Administrator,tcastellano@bellhavenliving.com,(216) 818-7801,True,False,2026-10-06 19:05:17Z
0033TQH43QXGRL8QFJ,001CF3LDWVRGL09P4F,Tanya Quinn,Administrator,tquinn@bellhavenliving.com,(330) 431-2495,True,False,2026-10-08 06:05:23Z
0034872916FAE83817,00191H7JR16471SZ34,Tom Bloom,Administrator,,(260) 365-6510,True,True,2026-10-08 05:54:00Z
003056E0D9006C47F1,001LGFPBJY4N9MB6KL,Tricia Fitch,Administrator,,(231) 539-3617,True,True,2026-10-08 05:55:55Z
003BT8QV7PS7S0XM0P,001QU150PM4Z15UA71,Tricia Lindqvist,Admissions Director,tlindqvist@bellhavenliving.com,(330) 955-9503,True,False,2026-10-06 19:05:17Z
003TDNR473Q0RH7FCE,001R4PXTUD9R6FNN8V,Victor Barros,Administrator,vbarros@bellhavenliving.com,(330) 691-2711,True,False,2026-10-08 06:05:19Z
00377C15NTZD9BRAH5,001PH31GJV5JATTYR4,Victor Trent,Director of Nursing,,(517) 555-3291,True,False,2026-10-06 19:05:17Z
0032146E46B737FBF7,0017MN2JYAJBDS8WQZ,Walt Mabry,Administrator,,(419) 394-5494,True,True,2026-10-08 06:06:23Z
003656BD33A27A2A02,001F71502CEEF997A6,Walt Osei,Administrator,,(260) 589-2589,True,True,2026-10-08 06:05:24Z
003J99CG8FTRF8986S,001AJP0LUZH4MP97NN,Yolanda Sandoval,Administrator,,,True,False,2026-10-06 19:05:17Z
