account_id,name,parent_id,parent_name,billing_street,billing_city,billing_state,billing_zip,care_type,status,phone,lifetime_revenue,outstanding_ar,chow_current_account,duplicate_of_account,note,created_by_candidate,updated_at
001UXEM0PCSUVRAYPF,Amberly Care Center,00139TNDS8HNLUZ5A6,Stonebridge Eldercare (Parent Account),9320 Cherry Blvd,Grand Rapids,MI,49503,Skilled Nursing,Active,(734) 611-4393,0,0,,,,False,2026-10-06 19:05:17Z
001DPANQQTRR1LXFY4,Amberly Estates,001DAAUWV2J3SHQJ34,Juniper Point Healthcare (Parent Account),9735 Maple St,Parma,OH,44129,Assisted Living,Active,(517) 216-2060,0,0,,,,False,2026-10-06 19:05:17Z
00192CFL38Y0U4Q887,Amberly Gardens,00139TNDS8HNLUZ5A6,Stonebridge Eldercare (Parent Account),2974 Water Dr,Pittsburgh,PA,15213,Memory Care,Active,(517) 384-2716,5000,0,,,,False,2026-10-06 19:05:17Z
0015D74ZLRY810RGY5,Amberly Manor,001DAAUWV2J3SHQJ34,Juniper Point Healthcare (Parent Account),918 S Nevada Ave,Colorado Springs,CO,80903,Assisted Living,Active,(734) 358-9267,0,0,,,,False,2026-10-06 19:05:17Z
001YQH5RQ9VL8C42GU,Aspen Court Assisted Living,,,3183 Lake Rd,Elkhart,IN,46514,Skilled Nursing,Inactive,(419) 413-4409,0,0,,,,False,2026-10-06 19:05:17Z
001BR49KRHQDR5HCVS,Aspen Court Nursing & Rehabilitation,,,6541 Adams Ave,Harrisburg,PA,17104,Skilled Nursing,Active,(260) 663-9788,130000,0,,,,False,2026-10-06 19:05:17Z
00116ETS45BL7DTQP7,Bellhaven Care Center of Alliance,0015QAPLGS3FVYEEEM,Bellhaven Senior Living (Parent Account),1785 Freshley Ave,Alliance,OH,44601,Skilled Nursing,Needs Review,(734) 358-4538,0,0,,,"not listed on Bellhaven website, closed/switched parent?",False,2026-10-08 06:06:25Z
0011D2P3CWSHMF81C8,Bellhaven Court of Altoona,0015QAPLGS3FVYEEEM,Bellhaven Senior Living (Parent Account),1125 Logan Blvd,Altoona,PA,16602,Assisted Living,Active,(517) 573-9493,61000,0,,,,False,2026-10-08 05:55:55Z
001LGFPBJY4N9MB6KL,Bellhaven Crossings of Lima,0015QAPLGS3FVYEEEM,Bellhaven Senior Living (Parent Account),3115 N Cole St,Lima,OH,45801,Assisted Living,Active,(231) 539-3617,47000,0,,,,False,2026-10-08 05:55:55Z
001U1750VLVJAGG1S5,Bellhaven Gardens of Monroe,0015QAPLGS3FVYEEEM,Bellhaven Senior Living (Parent Account),750 Stewart Rd,Monroe,MI,48162,Assisted Living,Active,(814) 412-2218,0,0,,,,False,2026-10-08 05:55:59Z
001RJ0D7Z5MAZN5HX5,Bellhaven Healthcare Centre of Ashland,0015QAPLGS3FVYEEEM,Bellhaven Senior Living (Parent Account),1631 Claremont Ave,Ashland,OH,44805,Skilled Nursing,Active,(517) 314-5115,0,0,,,,False,2026-10-08 05:57:00Z
001UKEFGADQ8YCZ4YM,Bellhaven Meadows of Findlay,0015QAPLGS3FVYEEEM,Bellhaven Senior Living (Parent Account),1800 N Blanchard St,Findlay,OH,45840,Assisted Living,Active,(231) 533-2969,22000,0,,,,False,2026-10-08 05:57:00Z
001TZCSTBZFM6K5BGN,Bellhaven Rehabilitation & Nursing of Grove City,0015QAPLGS3FVYEEEM,Bellhaven Senior Living (Parent Account),3985 Broadway,Grove City,OH,43123,Skilled Nursing,Active,(614) 555-7729,0,0,,,,False,2026-10-08 06:05:25Z
0015QAPLGS3FVYEEEM,Bellhaven Senior Living (Parent Account),,,,,,,,Active,(260) 328-5930,0,0,,,,False,2026-10-06 19:05:17Z
001CVBBCSDM7YHN220,Bellhaven Shores of Erie,0015QAPLGS3FVYEEEM,Bellhaven Senior Living (Parent Account),4930 W Lake Rd,Erie,PA,16505,Assisted Living,Active,(614) 792-9343,0,0,,,,False,2026-10-08 06:06:22Z
0019Y4J61ZBG4R00CD,Bellhaven Terrace of Akron,0015QAPLGS3FVYEEEM,Bellhaven Senior Living (Parent Account),55 Ridgewood Avenue,Akron,OH,44313,Assisted Living,Active,(260) 899-4605,101000,9000,,,,False,2026-10-08 06:06:22Z
0017MN2JYAJBDS8WQZ,Bellhaven Willow Creek,0015QAPLGS3FVYEEEM,Bellhaven Senior Living (Parent Account),8060 Willow Creek Ln,Portage,MI,49024,Memory Care,Active,(419) 394-5494,0,0,,,,False,2026-10-08 06:06:22Z
0014DHACE6WQU3RMM5,Bellhaven Woods of Toledo,0015QAPLGS3FVYEEEM,Bellhaven Senior Living (Parent Account),4850 NW Sylvania Ave,Toledo,OH,43623,Memory Care,Active,(734) 388-8242,54000,0,,,,False,2026-10-08 06:06:23Z
00191H7JR16471SZ34,Bellhaven at Sycamore Ridge,0015QAPLGS3FVYEEEM,Bellhaven Senior Living (Parent Account),7420 Sycamore Ridge Dr,Miamisburg,OH,45342,Assisted Living,Active,(260) 365-6510,0,0,,,,False,2026-10-08 05:54:00Z
001646CA2730F614FC,Bellhaven at Union Square,0015QAPLGS3FVYEEEM,Bellhaven Senior Living (Parent Account),118 Union Square Dr,New Albany,OH,43054,Assisted Living,Active,(330) 519-9639,0,0,,,Website source: https://analyst-assessment-production.up.railway.app/communities/bellhaven-at-union-square,True,2026-10-08 05:55:06Z
001NXP9X46CWEPSLSV,Bellhaven of Ashtabula,0015QAPLGS3FVYEEEM,Bellhaven Senior Living (Parent Account),3156 W Prospect Rd,Ashtabula,OH,44004,Skilled Nursing,Active,(260) 440-4975,0,0,,,,False,2026-10-08 05:57:01Z
0019C400E38BB91DA0,Bellhaven of Batavia,0015QAPLGS3FVYEEEM,Bellhaven Senior Living (Parent Account),2000 Hospital Dr,Batavia,OH,45103,Skilled Nursing,Active,(231) 698-3092,0,0,,,Website source: https://analyst-assessment-production.up.railway.app/communities/bellhaven-of-batavia,True,2026-10-08 05:57:01Z
001E5FFD1B793C82E7,Bellhaven of Carlisle,0015QAPLGS3FVYEEEM,Bellhaven Senior Living (Parent Account),640 Walnut Bottom Rd,Carlisle,PA,17015,Skilled Nursing,Active,(260) 386-7765,0,0,,,Website source: https://analyst-assessment-production.up.railway.app/communities/bellhaven-of-carlisle,True,2026-10-08 06:05:18Z
001RJU1X4NBWC1Q0G7,Bellhaven of Chagrin Falls,0015QAPLGS3FVYEEEM,Bellhaven Senior Living (Parent Account),150 River St,Chagrin Falls,OH,44022,Assisted Living,Active,(231) 283-7448,0,0,,,,False,2026-10-08 06:05:18Z
0013NUZQHQUEZ8DXEG,Bellhaven of Chesterton,0015QAPLGS3FVYEEEM,Bellhaven Senior Living (Parent Account),1250 NW Franklin Street,Chesterton,IN,46304,Skilled Nursing,Active,(216) 551-3978,0,0,,,,False,2026-10-08 06:05:19Z
0016PVXH4B25HWR7QE,Bellhaven of Coldwater,0015QAPLGS3FVYEEEM,Bellhaven Senior Living (Parent Account),90 N Michigan Ave,Coldwater,MI,49036,Assisted Living,Needs Review,(814) 581-1138,0,0,,,"not listed on Bellhaven website, closed/switched parent?",False,2026-10-08 06:06:25Z
001R4PXTUD9R6FNN8V,Bellhaven of Defiance,0015QAPLGS3FVYEEEM,Bellhaven Senior Living (Parent Account),700 Carpenter Rd,Defiance,OH,43512,Skilled Nursing,Active,(330) 691-2711,66000,9500,,,,False,2026-10-08 06:05:19Z
001JQER1RMYKNRLNME,Bellhaven of Goshen,0015QAPLGS3FVYEEEM,Bellhaven Senior Living (Parent Account),1610 College Ave,Goshen,IN,46526,Assisted Living,Active,(330) 405-6040,121000,0,,,,False,2026-10-08 06:05:19Z
001NSHWKQD0YJLPQ20,Bellhaven of Kalamazoo,0015QAPLGS3FVYEEEM,Bellhaven Senior Living (Parent Account),3222 Gull Rd,Kalamazoo,MI,49048,Skilled Nursing,Active,(231) 460-1964,0,0,,,,False,2026-10-08 06:05:20Z
0016KTS1UAWBRXS09J,Bellhaven of Kettering,0015QAPLGS3FVYEEEM,Bellhaven Senior Living (Parent Account),3313 Wilmington Pike,Kettering,OH,45429,Skilled Nursing,Active,(231) 269-5449,0,0,,,,False,2026-10-08 06:05:20Z
001L3LGR6W69J8DYYV,Bellhaven of Maplewood,0015QAPLGS3FVYEEEM,Bellhaven Senior Living (Parent Account),210 Orchard Lane,Maplewood,OH,44280,Assisted Living,Active,(614) 250-9447,0,0,,,,False,2026-10-08 06:05:20Z
001A34WFSUYHCRBLFT,Bellhaven of Marietta,001FWSQ30SFW6S7604,Cedar Trail Communities (Parent Account),805 Colegate Drive,Marietta,OH,45750,Skilled Nursing,Active,(419) 353-5019,51250,3800,001BAF6F9E488F8FBD,,,False,2026-10-08 06:05:21Z
001BAF6F9E488F8FBD,Bellhaven of Marietta,0015QAPLGS3FVYEEEM,Bellhaven Senior Living (Parent Account),805 Colegate Dr,Marietta,OH,45750,Skilled Nursing,Active,(614) 337-1967,0,0,,,Website source: https://analyst-assessment-production.up.railway.app/communities/bellhaven-of-marietta,True,2026-10-08 06:05:20Z
0015L38R1Z5947ZZP7,Bellhaven of Marion,0015QAPLGS3FVYEEEM,Bellhaven Senior Living (Parent Account),199 Barks Rd W,Marion,OH,43302,Skilled Nursing,Active,(517) 847-7948,87000,0,,,,False,2026-10-08 06:05:21Z
001KC1NG7EZDEKKA3T,Bellhaven of Meadville,0015QAPLGS3FVYEEEM,Bellhaven Senior Living (Parent Account),341 Chestnut St,Meadville,PA,16335,Skilled Nursing,Active,(419) 848-5389,87000,1000,,,,False,2026-10-08 06:05:21Z
001AQGPZ5G5VRES536,Bellhaven of New Carlisle,0015QAPLGS3FVYEEEM,Bellhaven Senior Living (Parent Account),875 Elm Street,New Carlisle,OH,45344,Skilled Nursing,Active,(614) 900-2177,156000,0,,,,False,2026-10-08 06:05:22Z
001EGU7BMJ942ZTRE6,Bellhaven of Owosso,0015QAPLGS3FVYEEEM,Bellhaven Senior Living (Parent Account),1120 W Main St,Owosso,MI,48867,Assisted Living,Active,(734) 503-1363,0,0,,,,False,2026-10-06 19:05:17Z
001QU150PM4Z15UA71,Bellhaven of Owosso,0015QAPLGS3FVYEEEM,Bellhaven Senior Living (Parent Account),1120 West Main Street,Owosso,MI,48867,Assisted Living,Inactive,(330) 383-5991,0,0,,001EGU7BMJ942ZTRE6,Duplicate of 001EGU7BMJ942ZTRE6; preserve history.,False,2026-10-08 06:06:23Z
001UELXDAKFRKB8932,Bellhaven of Port Clinton,0015QAPLGS3FVYEEEM,Bellhaven Senior Living (Parent Account),1420 Harbor Point Dr,Port Clinton,OH,43452,Skilled Nursing,Active,(330) 733-6423,0,0,,,,False,2026-10-08 06:05:22Z
001CF3LDWVRGL09P4F,Bellhaven of Portsmouth,0015QAPLGS3FVYEEEM,Bellhaven Senior Living (Parent Account),2222 Gallia St,Portsmouth,OH,45662,Skilled Nursing,Active,(330) 431-2495,0,0,,,,False,2026-10-08 06:05:22Z
001MVVAPY6U5TVYRC4,Bellhaven of Saline,0015QAPLGS3FVYEEEM,Bellhaven Senior Living (Parent Account),980 W Michigan Ave,Saline,MI,48176,Skilled Nursing,Active,(614) 868-2766,0,0,,,,False,2026-10-08 06:05:23Z
001SXSF4ELF0Z2LGDM,Bellhaven of Sandusky,0015QAPLGS3FVYEEEM,Bellhaven Senior Living (Parent Account),2715 Columbus Ave,Sandusky,OH,44870,Skilled Nursing,Needs Review,(260) 212-1086,130000,5200,,,"not listed on Bellhaven website, closed/switched parent?",False,2026-10-08 06:06:25Z
001F71502CEEF997A6,Bellhaven of Tiffin,0015QAPLGS3FVYEEEM,Bellhaven Senior Living (Parent Account),45 St Lawrence Dr,Tiffin,OH,44883,Skilled Nursing,Active,(260) 589-2589,0,0,,,Website source: https://analyst-assessment-production.up.railway.app/communities/bellhaven-of-tiffin,True,2026-10-08 06:05:24Z
001U6RW32TY0WSXZZB,Bellhaven of Tiffin,001FWSQ30SFW6S7604,Cedar Trail Communities (Parent Account),45 St Lawrence Dr,Tiffin,OH,44883,Skilled Nursing,Active,(614) 829-9278,84000,12400,001F71502CEEF997A6,,,False,2026-10-08 06:05:24Z
001W5G121A7SMRP58M,Bellhaven of Wooster,0015QAPLGS3FVYEEEM,Bellhaven Senior Living (Parent Account),2301 Cleveland Road,Wooster,OH,44691,Skilled Nursing,Active,(517) 712-7557,25000,0,,,,False,2026-10-08 06:05:24Z
001H1JMVZWP46D5VUF,Bellhaven of Zanesville,0015QAPLGS3FVYEEEM,Bellhaven Senior Living (Parent Account),2680 Maple Ave,Zanesville,OH,43701,Skilled Nursing,Active,(814) 599-2533,0,0,,,,False,2026-10-08 06:05:25Z
001GSSHJACJUH7SAZW,Bristol Manor Assisted Living,001DAAUWV2J3SHQJ34,Juniper Point Healthcare (Parent Account),3359 Hill Blvd,Cleveland,OH,44109,Independent Living,Active,(260) 877-2893,164000,0,,,,False,2026-10-06 19:05:17Z
001UUR3JX8J02F4H60,Bristol Manor Care Center,001DAAUWV2J3SHQJ34,Juniper Point Healthcare (Parent Account),1095 Franklin Blvd,Lansing,MI,48912,Memory Care,Active,(517) 804-5698,81000,0,,,,False,2026-10-06 19:05:17Z
001WC2VPMSRMLGKEFS,Bristol Manor Gardens,001DAAUWV2J3SHQJ34,Juniper Point Healthcare (Parent Account),651 Adams Rd,Cleveland,OH,44109,Assisted Living,Active,(216) 286-8610,47000,4500,,,,False,2026-10-06 19:05:17Z
001JRN31SRNB2KFW23,Bristol Manor Village,00139TNDS8HNLUZ5A6,Stonebridge Eldercare (Parent Account),5045 High Blvd,Cincinnati,OH,45219,Independent Living,Active,(330) 678-9013,138000,0,,,,False,2026-10-06 19:05:17Z
001AJP0LUZH4MP97NN,Brookfield Estates,00139TNDS8HNLUZ5A6,Stonebridge Eldercare (Parent Account),6969 Oak Ave,Scranton,PA,18503,Memory Care,Active,(517) 800-8256,0,0,,,,False,2026-10-06 19:05:17Z
001YTHGSDPVYZKCEMU,Brookfield Manor,,,1541 Washington Ave,Canton,OH,44708,Assisted Living,Active,(517) 552-5410,8000,0,,,,False,2026-10-06 19:05:17Z
001FWSQ30SFW6S7604,Cedar Trail Communities (Parent Account),,,,,,,,Active,(517) 353-4488,0,0,,,,False,2026-10-06 19:05:17Z
0011AB44D05WLA9HTX,Cedar Trail of Monroe,001FWSQ30SFW6S7604,Cedar Trail Communities (Parent Account),750 Stewart Road,Monroe,MI,48162,Assisted Living,Inactive,(216) 748-7799,0,0,,001U1750VLVJAGG1S5,Duplicate of 001U1750VLVJAGG1S5; preserve history.,False,2026-10-08 06:06:23Z
0017M8U4SRVSZUNLJQ,Chestnut Grove Estates,001DAAUWV2J3SHQJ34,Juniper Point Healthcare (Parent Account),2265 Franklin Ave,Parma,OH,44129,Memory Care,Active,(814) 266-8170,0,0,,,,False,2026-10-06 19:05:17Z
0016LW0Q6XE146JN6B,Chestnut Grove Manor,00139TNDS8HNLUZ5A6,Stonebridge Eldercare (Parent Account),3457 Jefferson Dr,Cleveland,OH,44109,Skilled Nursing,Active,(231) 503-9120,0,0,,,,False,2026-10-06 19:05:17Z
0016QD1DKVTB3RS2HZ,Chestnut Grove Rehabilitation Center,001DAAUWV2J3SHQJ34,Juniper Point Healthcare (Parent Account),8541 Franklin Blvd,Scranton,PA,18503,Memory Care,Active,(260) 487-3262,0,0,,,,False,2026-10-06 19:05:17Z
001R4J81D1FWNQF7WW,Chestnut Grove Senior Living,001DAAUWV2J3SHQJ34,Juniper Point Healthcare (Parent Account),4540 Lincoln St,Canton,OH,44708,Skilled Nursing,Active,(614) 766-4661,0,0,,,,False,2026-10-06 19:05:17Z
001635XYQP9EZ7JGCN,Clearbrook Nursing & Rehabilitation,,,6981 Jefferson Ave,Lansing,MI,48912,Assisted Living,Active,(231) 896-4563,0,0,,,,False,2026-10-06 19:05:17Z
001BP1CWFQELP1V08N,Clearbrook Senior Living,001DAAUWV2J3SHQJ34,Juniper Point Healthcare (Parent Account),8400 Union Blvd,Scranton,PA,18503,Memory Care,Active,(614) 453-5867,49000,8000,,,,False,2026-10-06 19:05:17Z
00148CGC4SFDTJTPPR,Crestwood Commons,001DAAUWV2J3SHQJ34,Juniper Point Healthcare (Parent Account),2671 Adams Ave,Ann Arbor,MI,48104,Independent Living,Active,(216) 277-8324,0,0,,,,False,2026-10-06 19:05:17Z
001S10VS057X9M2JX8,Crestwood Manor,001DAAUWV2J3SHQJ34,Juniper Point Healthcare (Parent Account),8719 River Rd,Cincinnati,OH,45219,Memory Care,Active,(330) 921-1185,0,0,,,,False,2026-10-06 19:05:17Z
0017SSGTAWFPLVXABR,Crestwood Village,001DAAUWV2J3SHQJ34,Juniper Point Healthcare (Parent Account),1969 Mill Dr,Mansfield,OH,44903,Independent Living,Active,(260) 761-8215,152000,0,,,,False,2026-10-06 19:05:17Z
001Q0SVXRKXY6GW135,Doverdale Place,00139TNDS8HNLUZ5A6,Stonebridge Eldercare (Parent Account),8420 Mill Dr,South Bend,IN,46601,Memory Care,Active,(419) 596-3837,0,0,,,,False,2026-10-06 19:05:17Z
001CD6YDT7NCAERSUV,Doverdale Rehabilitation Center,00139TNDS8HNLUZ5A6,Stonebridge Eldercare (Parent Account),7045 High St,Harrisburg,PA,17104,Independent Living,Active,(260) 783-8569,134000,0,,,,False,2026-10-06 19:05:17Z
001E49NRPBQGBELSHY,Fox Run Senior Living,00139TNDS8HNLUZ5A6,Stonebridge Eldercare (Parent Account),7977 Jefferson Dr,Elkhart,IN,46514,Assisted Living,Active,(419) 873-6368,0,0,,,,False,2026-10-06 19:05:17Z
001WQE9H25YMEWBARU,Golden Gate Gardens,,,5880 Church Rd,Scranton,PA,18503,Skilled Nursing,Active,(814) 439-5061,0,0,,,,False,2026-10-06 19:05:17Z
001X5Q9PV6ZSZH9QVB,Golden Gate Health Campus,,,3967 Hill Ave,Fort Wayne,IN,46805,Skilled Nursing,Active,(231) 500-8951,0,0,,,,False,2026-10-06 19:05:17Z
001FJZYHR7MLFMNPLL,Harborview Care Group (Parent Account),,,,,,,,Active,(517) 561-9289,0,0,,,,False,2026-10-06 19:05:17Z
001JD2MWRA74LTSN24,Harborview Nursing & Rehab of Port Clinton,001FJZYHR7MLFMNPLL,Harborview Care Group (Parent Account),1420 Harbor Point Drive,Port Clinton,OH,43452,Skilled Nursing,Inactive,(216) 314-1338,0,0,,001UELXDAKFRKB8932,Duplicate of 001UELXDAKFRKB8932; preserve history.,False,2026-10-08 06:06:24Z
001BLYF02K97SZLZHH,Harborview Shores of Erie,001FJZYHR7MLFMNPLL,Harborview Care Group (Parent Account),4930 West Lake Road,Erie,PA,16505,Assisted Living,Inactive,(517) 775-8456,0,0,,001CVBBCSDM7YHN220,Duplicate of 001CVBBCSDM7YHN220; preserve history.,False,2026-10-08 06:06:24Z
001E1GVNM5FJMBVB7F,Harvest Hill Assisted Living,00139TNDS8HNLUZ5A6,Stonebridge Eldercare (Parent Account),4507 Water St,South Bend,IN,46601,Memory Care,Inactive,(614) 959-7862,0,0,,,,False,2026-10-06 19:05:17Z
001U1PFB1Q5HMGTNN1,Harvest Hill Care Center,001DAAUWV2J3SHQJ34,Juniper Point Healthcare (Parent Account),1149 Park Dr,Youngstown,OH,44505,Assisted Living,Active,(216) 464-9051,156000,0,,,,False,2026-10-06 19:05:17Z
001108R31WACG88ZAS,Harvest Hill Commons,00139TNDS8HNLUZ5A6,Stonebridge Eldercare (Parent Account),8809 Lincoln Ave,Allentown,PA,18102,Independent Living,Active,(517) 628-1034,0,0,,,,False,2026-10-06 19:05:17Z
001FLBJX4DH6BCXLAV,Harvest Hill Estates,001DAAUWV2J3SHQJ34,Juniper Point Healthcare (Parent Account),3054 River Ave,Springfield,OH,45503,Assisted Living,Inactive,(260) 791-6034,6000,4000,,,,False,2026-10-06 19:05:17Z
001PTS4H6C782Q8ULB,Harvest Hill Health Campus,001DAAUWV2J3SHQJ34,Juniper Point Healthcare (Parent Account),4192 Spring St,Elkhart,IN,46514,Skilled Nursing,Active,(260) 905-7973,0,0,,,,False,2026-10-06 19:05:17Z
001CRBM9TKD9F721PG,Harvest Hill Nursing & Rehabilitation,00139TNDS8HNLUZ5A6,Stonebridge Eldercare (Parent Account),3925 Cherry Dr,Youngstown,OH,44505,Independent Living,Active,(260) 533-5197,0,0,,,,False,2026-10-06 19:05:17Z
001CUX47U01QEEA1B7,Harvest Hill Senior Living,001DAAUWV2J3SHQJ34,Juniper Point Healthcare (Parent Account),138 Mill Dr,Muncie,IN,47303,Memory Care,Active,(814) 534-1831,0,0,,,,False,2026-10-06 19:05:17Z
001GHXNGX101RS6W00,Heritage Estates,,,793 Park Rd,Grand Rapids,MI,49503,Skilled Nursing,Active,(231) 586-7577,173000,0,,,,False,2026-10-06 19:05:17Z
0014GZE6WNGWEC5V2U,Heritage Nursing & Rehabilitation,00139TNDS8HNLUZ5A6,Stonebridge Eldercare (Parent Account),313 Church Ave,Allentown,PA,18102,Independent Living,Active,(216) 556-9457,83000,0,,,,False,2026-10-06 19:05:17Z
001N5WGUBLJA45R30X,Heritage Place,,,3516 Lake Ave,Youngstown,OH,44505,Skilled Nursing,Active,(517) 560-7992,0,0,,,,False,2026-10-06 19:05:17Z
0015AGVJ430WV72PF0,Heritage Village,001DAAUWV2J3SHQJ34,Juniper Point Healthcare (Parent Account),7718 High St,Fort Wayne,IN,46805,Memory Care,Active,(734) 502-9339,84000,0,,,,False,2026-10-06 19:05:17Z
0016M7QA3RN7P2VQ9J,Ivy Gate Village,,,7639 Center Blvd,Canton,OH,44708,Assisted Living,Active,(814) 344-9504,0,0,,,,False,2026-10-06 19:05:17Z
001HSFH7Z9T3HHTXHU,Juniper Place,001DAAUWV2J3SHQJ34,Juniper Point Healthcare (Parent Account),4556 Water Ave,Pittsburgh,PA,15213,Skilled Nursing,Inactive,(330) 580-2810,28000,0,,,,False,2026-10-06 19:05:17Z
001DAAUWV2J3SHQJ34,Juniper Point Healthcare (Parent Account),,,,,,,,Active,(614) 212-1465,0,0,,,,False,2026-10-06 19:05:17Z
0016N93HJ285TTBB4B,Juniper Village,00139TNDS8HNLUZ5A6,Stonebridge Eldercare (Parent Account),9672 Park Ave,Harrisburg,PA,17104,Skilled Nursing,Active,(614) 486-1678,120000,0,,,,False,2026-10-06 19:05:17Z
001WR41PYNWXCAE2X4,Kettering Care Centre,001FJZYHR7MLFMNPLL,Harborview Care Group (Parent Account),3313 Wilmington Pike,Kettering,OH,45429,Skilled Nursing,Inactive,(419) 600-2603,0,0,,0016KTS1UAWBRXS09J,Duplicate of 0016KTS1UAWBRXS09J; preserve history.,False,2026-10-08 06:06:24Z
001B7XZAA3AFALS9GP,Kettering Senior Campus,001FWSQ30SFW6S7604,Cedar Trail Communities (Parent Account),3313 Wilmington Pk,Kettering,OH,45429,Skilled Nursing,Inactive,(517) 646-8751,0,0,,0016KTS1UAWBRXS09J,Duplicate of 0016KTS1UAWBRXS09J; preserve history.,False,2026-10-08 06:06:25Z
0015ZXZETFJ956SSXU,Lakeside Commons,001DAAUWV2J3SHQJ34,Juniper Point Healthcare (Parent Account),2526 High Rd,Canton,OH,44708,Assisted Living,Active,(517) 714-1279,52000,0,,,,False,2026-10-06 19:05:17Z
0019M1Z45PGV2DJ971,Maplewood Senior Care Center,00139TNDS8HNLUZ5A6,Stonebridge Eldercare (Parent Account),431 Main St,Maplewood,OH,44280,Skilled Nursing,Active,(614) 773-5688,0,0,,,,False,2026-10-06 19:05:17Z
001D86GEE4YLY5TH5S,Meadowbrook Commons,001DAAUWV2J3SHQJ34,Juniper Point Healthcare (Parent Account),6757 Cherry Blvd,Lansing,MI,48912,Skilled Nursing,Active,(330) 511-2660,52000,0,,,,False,2026-10-06 19:05:17Z
001Z0D5SF5XLCWC23P,Meadowbrook Health Campus,00139TNDS8HNLUZ5A6,Stonebridge Eldercare (Parent Account),2051 Center Blvd,Pittsburgh,PA,15213,Assisted Living,Active,(260) 756-5431,153000,0,,,,False,2026-10-06 19:05:17Z
0016UKUD5Q6TLUPWDY,Meadowbrook Place,00139TNDS8HNLUZ5A6,Stonebridge Eldercare (Parent Account),2951 Washington Dr,Lansing,MI,48912,Memory Care,Active,(814) 288-6560,0,0,,,,False,2026-10-06 19:05:17Z
0015MU8AUMAK4S60L9,Meadowbrook Senior Living,001DAAUWV2J3SHQJ34,Juniper Point Healthcare (Parent Account),5986 Cherry St,Lansing,MI,48912,Independent Living,Inactive,(614) 596-2373,59000,0,,,,False,2026-10-06 19:05:17Z
0017JP8Z1UQ763BVK3,Millstone Care of Sandusky,001YRHHXQ5HJ0TCL2U,Millstone Health Partners (Parent Account),2715 Columbus Ave,Sandusky,OH,44870,Skilled Nursing,Active,(614) 307-3608,0,0,,,,False,2026-10-06 19:05:17Z
001YRHHXQ5HJ0TCL2U,Millstone Health Partners (Parent Account),,,,,,,,Active,(517) 908-5310,0,0,,,,False,2026-10-06 19:05:17Z
00159PL81N38KM4FHM,Monroe Gardens Care Center,001FJZYHR7MLFMNPLL,Harborview Care Group (Parent Account),750 Stewart Rd,Monroe,MI,48162,Assisted Living,Inactive,(330) 501-4496,0,0,,001U1750VLVJAGG1S5,Duplicate of 001U1750VLVJAGG1S5; preserve history.,False,2026-10-08 06:06:24Z
001AUYU58KMWDYXQA6,Northfield Care Center,00139TNDS8HNLUZ5A6,Stonebridge Eldercare (Parent Account),2781 Water Rd,South Bend,IN,46601,Skilled Nursing,Active,(260) 655-1438,160000,5500,,,,False,2026-10-06 19:05:17Z
00199LM13DSYJ6EBNG,Northfield Rehabilitation Center,,,1477 Franklin Rd,Columbus,OH,43215,Skilled Nursing,Inactive,(614) 598-7814,0,0,,,,False,2026-10-06 19:05:17Z
001CBDQSNJUVEG0HDH,Oakmont Rehabilitation Center,00139TNDS8HNLUZ5A6,Stonebridge Eldercare (Parent Account),4457 Church Blvd,Youngstown,OH,44505,Independent Living,Active,(814) 364-5483,150000,0,,,,False,2026-10-06 19:05:17Z
001D7LLN6KBKRF7NYE,Prairie View Estates,001DAAUWV2J3SHQJ34,Juniper Point Healthcare (Parent Account),2029 Center Blvd,Elkhart,IN,46514,Independent Living,Active,(216) 609-5806,0,0,,,,False,2026-10-06 19:05:17Z
0018L6DVPRS7Y0QPRM,Rosewood Care Center,00139TNDS8HNLUZ5A6,Stonebridge Eldercare (Parent Account),6598 Franklin Ave,Cincinnati,OH,45219,Memory Care,Active,(814) 353-2738,0,0,,,,False,2026-10-06 19:05:17Z
001LBTBSAQ54KNX4WG,Rosewood Gardens,001DAAUWV2J3SHQJ34,Juniper Point Healthcare (Parent Account),841 Park Dr,Columbus,OH,43215,Skilled Nursing,Active,(330) 827-1043,0,0,,,,False,2026-10-06 19:05:17Z
0017B6CMNGFQ8MB8YS,Rosewood Manor,,,1673 Lake Rd,Cincinnati,OH,45219,Assisted Living,Active,(734) 332-6605,0,0,,,,False,2026-10-06 19:05:17Z
001N7WFJCG16TZGL6Y,Rosewood Nursing & Rehabilitation,00139TNDS8HNLUZ5A6,Stonebridge Eldercare (Parent Account),6015 Mill Ave,Pittsburgh,PA,15213,Memory Care,Active,(517) 267-1422,66000,4500,,,,False,2026-10-06 19:05:17Z
001C073YV3VB0YQDBR,Rosewood Senior Living,00139TNDS8HNLUZ5A6,Stonebridge Eldercare (Parent Account),6851 Water Rd,Scranton,PA,18503,Memory Care,Active,(419) 612-4199,0,0,,,,False,2026-10-06 19:05:17Z
001KC7UVYEYAZ8M6GN,Rosewood Village,,,5462 Maple Ave,Springfield,OH,45503,Skilled Nursing,Active,(231) 827-7038,121000,0,,,,False,2026-10-06 19:05:17Z
001RJFTJ3XYSUDV3KG,Silver Birch Assisted Living,001DAAUWV2J3SHQJ34,Juniper Point Healthcare (Parent Account),5181 River Ave,Harrisburg,PA,17104,Memory Care,Active,(814) 837-9717,54000,0,,,,False,2026-10-06 19:05:17Z
001SQ3L8LDXR02QLVG,Silver Birch Rehabilitation Center,,,7412 Center Rd,Flint,MI,48503,Assisted Living,Active,(814) 279-4589,0,0,,,,False,2026-10-06 19:05:17Z
001PFE1QRNNGC5XS9U,Sterling Oaks Gardens,001DAAUWV2J3SHQJ34,Juniper Point Healthcare (Parent Account),4948 Center Dr,Columbus,OH,43215,Memory Care,Inactive,(614) 694-4503,19000,0,,,,False,2026-10-06 19:05:17Z
00139TNDS8HNLUZ5A6,Stonebridge Eldercare (Parent Account),,,,,,,,Active,(260) 311-6533,0,0,,,,False,2026-10-06 19:05:17Z
001PH31GJV5JATTYR4,Stonebridge Senior Living,00139TNDS8HNLUZ5A6,Stonebridge Eldercare (Parent Account),3536 Franklin Blvd,Flint,MI,48503,Memory Care,Active,(330) 414-3130,18000,0,,,,False,2026-10-06 19:05:17Z
0010KJFP601YNTZVDA,The Arbors at Bellhaven - Dayton,0015QAPLGS3FVYEEEM,Bellhaven Senior Living (Parent Account),2210 Salem Ave,Dayton,OH,45406,Memory Care,Active,(260) 254-7592,0,0,,,,False,2026-10-08 06:06:23Z
0016UJWS19L5NT0FVX,Timber Ridge Health Campus,001DAAUWV2J3SHQJ34,Juniper Point Healthcare (Parent Account),5348 Jefferson Rd,Elkhart,IN,46514,Memory Care,Active,(260) 571-9931,102000,0,,,,False,2026-10-06 19:05:17Z
001TNJACR5MSJBBCJ6,Timber Ridge Nursing & Rehabilitation,00139TNDS8HNLUZ5A6,Stonebridge Eldercare (Parent Account),897 Union Dr,Fort Wayne,IN,46805,Independent Living,Active,(517) 401-1953,0,0,,,,False,2026-10-06 19:05:17Z
001UTL2M7C6E7SD74K,Timber Ridge Village,00139TNDS8HNLUZ5A6,Stonebridge Eldercare (Parent Account),7349 Oak Ave,Muncie,IN,47303,Assisted Living,Active,(814) 766-4957,0,0,,,,False,2026-10-06 19:05:17Z
001GNU41AVXZRLLJ9P,Union Square Senior Living,001DAAUWV2J3SHQJ34,Juniper Point Healthcare (Parent Account),240 Market St,New Albany,OH,43054,Assisted Living,Active,(260) 782-4620,0,0,,,,False,2026-10-06 19:05:17Z
001JL9B1K2SX8PLC0G,Willowbrook Assisted Living,,,4645 Adams Ave,Flint,MI,48503,Assisted Living,Active,(734) 878-3377,0,0,,,,False,2026-10-06 19:05:17Z
0019JN0ZZPVQDTQQP9,Willowbrook Commons,001DAAUWV2J3SHQJ34,Juniper Point Healthcare (Parent Account),6277 Lake Ave,Harrisburg,PA,17104,Assisted Living,Inactive,(231) 717-9852,124000,0,,,,False,2026-10-06 19:05:17Z
001Q1NFCVW57WXGXZ1,Willowbrook Gardens,,,5074 Adams Ave,Cleveland,OH,44109,Independent Living,Active,(419) 250-7839,0,0,,,,False,2026-10-06 19:05:17Z
001S2E8GJCGHSWXU8F,Willowbrook Nursing & Rehabilitation,,,4092 Maple Ave,Fort Wayne,IN,46805,Independent Living,Inactive,(419) 204-5258,0,0,,,,False,2026-10-06 19:05:17Z
001DZYWL58F82VGFMR,Winding Creek Assisted Living,00139TNDS8HNLUZ5A6,Stonebridge Eldercare (Parent Account),7670 Church Ave,Elkhart,IN,46514,Assisted Living,Active,(330) 779-4313,0,0,,,,False,2026-10-06 19:05:17Z
001MNE59UM9H78PVEG,Winding Creek Commons,001DAAUWV2J3SHQJ34,Juniper Point Healthcare (Parent Account),5224 Maple Ave,Elkhart,IN,46514,Skilled Nursing,Active,(330) 620-2366,140000,0,,,,False,2026-10-06 19:05:17Z
0014RVA32X0EBHFHRN,Winding Creek Estates,,,1404 Cherry Ave,Scranton,PA,18503,Assisted Living,Active,(330) 316-8435,6000,0,,,,False,2026-10-06 19:05:17Z
001GZJ85RDBHCV1HG9,Winding Creek Gardens,001DAAUWV2J3SHQJ34,Juniper Point Healthcare (Parent Account),4776 Hill Dr,Ann Arbor,MI,48104,Assisted Living,Active,(517) 643-2788,0,0,,,,False,2026-10-06 19:05:17Z
001EXHQSTKFJW1S18Z,Winding Creek Health Campus,,,1780 River St,Scranton,PA,18503,Independent Living,Active,(614) 523-5809,60000,0,,,,False,2026-10-06 19:05:17Z
