name,account_id,classification
Amberly Manor,0015D74ZLRY810RGY5,Match needs a fix
Bellhaven at Sycamore Ridge,00191H7JR16471SZ34,Match needs a fix
Bellhaven at Union Square,001646CA2730F614FC,Confident match
Bellhaven Court of Altoona,0011D2P3CWSHMF81C8,Match needs a fix
Bellhaven Crossings of Lima,001LGFPBJY4N9MB6KL,Confident match
Bellhaven Gardens of Monroe,001U1750VLVJAGG1S5,Confident match
Bellhaven Healthcare Centre of Ashland,001RJ0D7Z5MAZN5HX5,Match needs a fix
Bellhaven Meadows of Findlay,001UKEFGADQ8YCZ4YM,Match needs a fix
Bellhaven of Ashtabula,001NXP9X46CWEPSLSV,Match needs a fix
Bellhaven of Batavia,0019C400E38BB91DA0,Confident match
Bellhaven of Carlisle,001E5FFD1B793C82E7,Confident match
Bellhaven of Chagrin Falls,001RJU1X4NBWC1Q0G7,Confident match
Bellhaven of Chesterton,0013NUZQHQUEZ8DXEG,Match needs a fix
Bellhaven of Defiance,001R4PXTUD9R6FNN8V,Confident match
Bellhaven of Goshen,001JQER1RMYKNRLNME,Match needs a fix
Bellhaven of Kalamazoo,001NSHWKQD0YJLPQ20,Match needs a fix
Bellhaven of Kettering,0016KTS1UAWBRXS09J,Confident match
Bellhaven of Maplewood,001L3LGR6W69J8DYYV,Match needs a fix
Bellhaven of Marietta,001BAF6F9E488F8FBD,Confident match
Bellhaven of Marion,0015L38R1Z5947ZZP7,Match needs a fix
Bellhaven of Meadville,001KC1NG7EZDEKKA3T,Confident match
Bellhaven of New Carlisle,001AQGPZ5G5VRES536,Confident match
Bellhaven of Owosso,001EGU7BMJ942ZTRE6,Match needs a fix
Bellhaven of Port Clinton,001UELXDAKFRKB8932,Match needs a fix
Bellhaven of Portsmouth,001CF3LDWVRGL09P4F,Confident match
Bellhaven of Saline,001MVVAPY6U5TVYRC4,Confident match
Bellhaven of Tiffin,001F71502CEEF997A6,Confident match
Bellhaven of Wooster,001W5G121A7SMRP58M,Confident match
Bellhaven of Zanesville,001H1JMVZWP46D5VUF,Confident match
Bellhaven Rehabilitation & Nursing of Grove City,001TZCSTBZFM6K5BGN,Confident match
Bellhaven Shores of Erie,001CVBBCSDM7YHN220,Match needs a fix
Bellhaven Terrace of Akron,0019Y4J61ZBG4R00CD,Confident match
Bellhaven Willow Creek,0017MN2JYAJBDS8WQZ,Confident match
Bellhaven Woods of Toledo,0014DHACE6WQU3RMM5,Match needs a fix
The Arbors at Bellhaven - Dayton,0010KJFP601YNTZVDA,Match needs a fix
